Workbook

Sheet Energy and Cost
A1: Supporting Information for
A2: "Perspective on Performance, Cost and Technical Challenges for Practical Dual-Ion Batteries" by Placke et al.
A3: Spreadsheet for calculation of energy content and costs
A4: Active Materials | B4: Chemical Formula | C4: Abbrev. | D4: Practical Discharge Capacity (mAh/g) | E4: A.M. Volumetric Capacity (mAh/cm³) | F4: Average Discharge Potential vs. Li/Li+ (V) | G4: Crystallographic Density (g/cm³) | H4: Composite Electrode Density (g/cm³) | I4: Electrode Porosity | J4: Composite Electrode Charge Density (mAh/cm³) | K4: Active Material Density in electrode (g/cm³) | L4: Electrode Density incl. electrolyte (g/cm³) | M4: Volumetric Capacity (mAh/cm³) | N4: Material Only Volumetric Energy* (Wh/L) | O4: Material Only Gravimetric Energy* (Wh/kg) | P4: A.M. Grav. Cost ($/kg) | Q4: A.M. Grav. Cost ($/mL) | S4: Electrode composition | T4: Lithium Ion Battery | U4: Dual Ion/Graphite Battery
A5: Positives | S5: Pos. Active Mass Fraction | T5: =1-T6-T7 -> 0.9 | U5: =1-U6-U7 -> 0.9
A6: Lithium Iron Oxide | B6: LiFePO4 | C6: LFP | D6: 160 | E6: =D6*G6 -> 584 | F6: 3.4 | G6: 3.65 | H6: =1/(T$5/G6+T$6/E$17+T$7/E$23) -> 3.3718245 | I6: 0.3 | J6: =K6*D6 -> 339.87991 | K6: =T$5*H6*(1-I6) -> 2.1242494 | L6: =(1-I6)*H6+I6*E$20 -> 2.7202771 | M6: =K6*D6 -> 339.87991 | N6: =M6*F6 -> 1155.5917 | O6: =D6*F6 -> 544 | P6: 18 | Q6: =P6/1000*K6 -> 0.03823649 | S6: Pos. Binder Mass Fraction | T6: 0.05 | U6: 0.05
A7: Graphite Cathode for Li-DIBs/Li-DGBs | B7: PF6xC16 | C7: Gr-PF6 | D7: 140 | E7: =D7*G7 -> 308 | F7: 4.6 | G7: 2.2 | H7: =1/(U$5/G7+U$6/E$17+U$7/E$23) -> 2.1782178 | I7: 0.41 | J7: =K7*D7 -> 161.92871 | K7: =H7*(1-I7)*U$5 -> 1.1566337 | L7: =(1-I7)*H7+I7*E$24 -> 1.8591485 | M7: =K7*D7 -> 161.92871 | P7: 5 | Q7: =P7/1000*K7 -> 0.0057831683 | S7: Pos. Conductive Additive Mass Fraction | T7: 0.05 | U7: 0.05
A8: Graphite Cathode for K-DGBs | B8: PF6xCy | C8: Gr-C PIB | D8: 140 | E8: =D8*G8 -> 308 | F8: 4.6 | G8: 2.2 | H8: =1/(U$5/G8+U$6/E$17+U$7/E$23) -> 2.1782178 | I8: 0.41 | J8: =K8*D8 -> 161.92871 | K8: =H8*(1-I8)*U$5 -> 1.1566337 | L8: =(1-I8)*H8+I8*E$24 -> 1.8591485 | M8: =K8*D8 -> 161.92871 | P8: 5 | Q8: =P8/1000*K8 -> 0.0057831683
A9: Negatives
A10: LIB Graphite Anode | B10: LiC6 | C10: Gr-A LIB | D10: 360 | E10: =D10*G10 -> 792 | F10: 0.1 | G10: 2.2 | H10: =1/(U$5/G10+U$6/E$17+U$7/E$23) -> 2.1782178 | I10: 0.3 | J10: =K10*D10 -> 494.0198 | K10: =H10*(1-I10)*U$5 -> 1.3722772 | L10: =(1-I10)*H10+I10*E$20 -> 1.8847525 | M10: =K10*D10 -> 494.0198 | N10: =M10*(4.5-F10) -> 2173.6871 | O10: =D10*(4.5-F10) -> 1584 | P10: 13 | Q10: =P10/1000*K10 -> 0.017839604 | S10: References
A11: Lithium Metal | B11: Li | C11: Li0 | D11: 3884 | E11: =D11*G11 -> 2074.056 | F11: 0 | G11: 0.534 | H11: 0.534 | I11: 0 | J11: =K11*D11 -> 2074.056 | K11: 0.534 | L11: =(1-I11)*H11+I11*E$20 -> 0.534 | M11: =K11*D11 -> 2074.056 | N11: =M11*(3.7-F11) -> 7674.0072 | O11: =D11*(3.7-F11) -> 14370.8 | P11: 250 | Q11: =P11/1000*K11 -> 0.1335 | S11: 1 | T11: Berg, E. J., Villevieille, C., Streich, D., Trabesinger, S. & Novák, P. Rechargeable Batteries: Grasping for the Limits of Chemistry. J. Electrochem. Soc. 162, A2468–A2475 (2015).
A12: Graphite Anode for Li-DIBs | B12: LiC6 | C12: Gr-A DIB | D12: 360 | E12: 792 | F12: 0.1 | G12: 2.2 | H12: =1/(U$5/G12+U$6/E$17+U$7/E$23) -> 2.1782178 | I12: 0.3 | J12: =K12*D12 -> 494.0198 | K12: =H12*(1-I12)*U$5 -> 1.3722772 | L12: =(1-I12)*H12+I12*E$24 -> 1.9447525 | M12: =K12*D12 -> 494.0198 | P12: 5 | Q12: =P12/1000*K12 -> 0.0068613861 | S12: 2 | T12: Gallagher, K. G. et al. Quantifying the promise of lithium–air batteries for electric vehicles. Energy Environ. Sci. 7, 1555 (2014).
A13: Graphite Anode for K-DGBs | B13: KC8 | C13: Gr-A PIB | D13: 273 | E13: =D13*G13 -> 600.6 | F13: 0.3 | G13: 2.2 | H13: =1/(U$5/G13+U$6/E$17+U$7/E$23) -> 2.1782178 | I13: 0.3 | J13: =K13*D13 -> 374.63168 | K13: =H13*(1-I13)*U$5 -> 1.3722772 | L13: =(1-I13)*H13+I13*E$20 -> 1.8847525 | M13: =K13*D13 -> 374.63168 | N13: =M13*(4.5-F13) -> 1573.4531 | O13: =D13*(4.5-F13) -> 1146.6 | P13: 5 | Q13: =P13/1000*K13 -> 0.0068613861 | S13: 3 | T13: Ahmed, S., Nelson, P. A., Gallagher, K. G., Susarla, N. & Dees, D. W. Cost and energy demand of producing nickel manganese cobalt cathode material for lithium ion batteries. J. Power Sources 342, 733–740 (2017).
A16: Inactive | B16: Thickness (cm) | C16: Spec. Mass (g/cm²) | D16: Porosity | E16: Density (g/cm³) | F16: Costs ($/kg) | G16: Costs ($/cm³) | H16: Costs ($/cm³) | I16: estimated values
A17: Binder (Solef 5130) | E17: 1.8 | F17: 10
A18: Pos. Current Collector (Al; per coated side) | B18: 0.0006 | C18: =B18*E18 -> 0.00162 | E18: 2.7 | F18: 6 | H18: =F18/1000*C18 -> 9.72e-06
A19: Neg. Current Collector (Cu; per coated side) | B19: 0.0004 | C19: =E19*B19 -> 0.003584 | E19: 8.96 | F19: 13 | H19: =C19/1000*F19 -> 4.6592e-05
A20: Liquid Electrolyte (LP57) | E20: 1.2 | F20: 12 | G20: =F20/1000*1.2 -> 0.0144 | H20: =H22-H21 -> 1.1232e-05
A21: Separator (Celgard2320) | B21: 0.002 | C21: =B21*E21*D21 -> 0.000741 | D21: 0.39 | E21: 0.95 | F21: 1,4$/m² | G21: 0.05 | H21: =G21*0.002 -> 0.0001
A22: LIB Sep. + Elyte | B22: 0.002 | C22: =E22*B22 -> 0.002095 | E22: =(1-D21)*E21+D21*E20 -> 1.0475 | G22: =G21+0.39*G20 -> 0.055616 | H22: =G22*0.002 -> 0.000111232
A23: Conductive Additive (Imerys C65) | E23: 2.25 | F23: 6.8
A24: Liquid Electrolyte (4M LiPF6 in DMC) | E24: 1.4 | F24: 19
A25: Liquid Electrolyte (4M KPF6 in DMC) | E25: 1.4 | F25: 4.7
A26: DIB Sep. + Elyte | B26: 0.006 | C26: =E26*B26 -> 0.00786 | E26: =(1-D28)*E28+E24*D28 -> 1.31
A27: PIB Sep. + Elyte | B27: 0.006 | C27: =E27*B27 -> 0.00786 | E27: =(1-D28)*E28+E25*D28 -> 1.31
A28: Thick PP Separator (80% porosity) | B28: 0.006 | C28: =B28*E28*D28 -> 0.00456 | D28: 0.8 | E28: 0.95 | F28: 1,4$/m2 | G28: 0.005 | H28: =G28*0.002 -> 1e-05
Q34: Costs ($/kWh)
A35: Anode/Cathode Combination | B35: Nominal Cell Voltage | C35: Pos. Electrode Thickness (µm) | D35: Pos. Electrode Area Mass (mg/cm²) | E35: Pos. Electrode Area Capacity (mAh/cm²) | F35: Neg. Electrode Thickness (µm) | G35: Neg. Electrode Area Mass (mg/cm²) | H35: Neg. Electrode Area Capacity (mAh/cm²) | I35: Separator thickness (µm) | J35: Separator Porosity (%) | K35: Separator + Elyte Mass (g /cm²) | L35: Negative/Positive Capacity ratio | M35: Total Stack Thickness (cm) | N35: Total Stack Mass (mg/cm²) | O35: Total Stack Volumetric Energy (Wh/L) | P35: Total Stack Gravimetric Energy (Wh/kg) | Q35: Cathode | R35: Anode | S35: Liquid electrolyte | T35: Pos. current coll. | U35: Neg. current coll. | V35: Separator | W35: Total cost / ($/kWh) | X35: Stack energy (kWh/cm²) | Y35: Target electrolyte content (mg) | Z35: Electrolyte in stack (mg/cm²)
A36: LFP/C Lithium Ion Battery | B36: 3.3 | C36: 65 | D36: =C36*0.1*K6 -> 13.807621 | E36: =C36*0.0001*M6 -> 2.2092194 | F36: =H36/M$10*10000 -> 49.191173 | G36: =0.1*F36*K$10 -> 6.7503926 | H36: =E36*L36 -> 2.4301413 | I36: 20 | J36: 0.39 | K36: =E22*B22 -> 0.002095 | L36: 1.1 | M36: =C36/10000+F36/10000+B$18+B$19+I$36/10000 -> 0.014419117 | N36: =1000*C$18+1000*C$19+1000*K36+1000*L6*C36/10000+1000*L$10*F36/10000 -> 34.25212 | O36: =B36*E36/M36 -> 505.60821 | P36: =B36*E36/N36*1000 -> 212.84592 | Q36: =D36*P6/1000000/X36 -> 34.090909 | R36: =G36*P10/1000000/X36 -> 12.037037 | S36: =(0.0001*C36*I$6*E$20*F$20/1000+0.0001*F36*I$10*E$20*F$20/1000+0.0001*I36*J36*E20*F$20/1000)/X36 -> 8.3071419 | T36: =H$18/X36 -> 1.3332558 | U36: =H$19/X36 -> 6.3908491 | V36: =G$21*I36/10000/X36 -> 13.716623 | W36: =Q36+R36+S36+T36+U36+V36+X36 -> 75.875824 | X36: =N36*P36/1000000000 -> 7.290424e-06 | Z36: =I10*E$20*C36/10+E$20*J$36*I36/10+I6*E$20*F36/10 -> 5.0468822
A37: Gr/Li Dual Ion Battery with LiPF6 | B37: 4.5 | C37: 65 | D37: =C37*0.1*K7 -> 7.5181188 | E37: =C37*0.0001*M7 -> 1.0525366 | F37: =H37/M$11*10000 -> 1.0149549 | G37: =0.1*F37*K$11 -> 0.054198591 | H37: =E37*L37 -> 0.21050733 | I37: 89 | J37: 0.8 | K37: =(J37*E$24+(1-J37)*E$28)*I37/10000 -> 0.011659 | L37: =0.2 -> 0.2 | M37: =C37/10000+F37/10000+B$18+B$19+I$37/10000 -> 0.016501495 | N37: =1000*C$18+1000*C$19+K37*1000+1000*L7*C37/10000+1000*L$11*F37/10000 -> 29.001664 | O37: =B37*E37/M37 -> 287.02943 | P37: =B37*E37/N37*1000 -> 163.31528 | Q37: =D37*P8/1000000/X37 -> 7.9365079 | R37: =G37*P11/1000000/X37 -> 2.8607392 | S37: =(0.0001*C37*I$7*E$24*F$24/1000+0.0001*F37*I$11*E$24*F$24/1000+0.0001*I37*J37*E24*F$24/1000)/X37 -> 54.953168 | T37: =H$18/X37 -> 2.0521851 | U37: =H$19/X37 -> 9.8369762 | V37: =G$28*I37/10000/X37 -> 9.3952919 | W37: =Q37+R37+S37+T37+U37+V37+X37 -> 87.034873 | X37: =N37*P37/1000000000 -> 4.7364149e-06 | Y37: =D37*E$24*1.30208333333333 -> 13.704904 | Z37: =I7*E$24*C37/10+I37*E$24*J$37/10+I11*E$24*F37/10 -> 13.699
A38: Gr/Gr Dual Graphite Battery with LiPF6 | B38: 4.5 | C38: 65 | D38: =C38*0.1*K7 -> 7.5181188 | E38: =C38*0.0001*M7 -> 1.0525366 | F38: =H38/M$12*10000 -> 21.305556 | G38: =0.1*F38*K$12 -> 2.9237129 | H38: =E38*L38 -> 1.0525366 | I38: 81 | J38: 0.8 | K38: =(J38*E$24+(1-J38)*E$28)*I38/10000 -> 0.010611 | L38: 1 | M38: =C38/10000+F38/10000+B$19+B$18+I$38/10000 -> 0.017730556 | N38: =1000*C$18+1000*C$18+K38*1000+1000*L7*C38/10000+1000*L$12*F38/10000 -> 30.078869 | O38: =B38*E38/M38 -> 267.13291 | P38: =B38*E38/N38*1000 -> 157.46652 | Q38: =D38*P7/1000000/X38 -> 7.9365079 | R38: =G38*P12/1000000/X38 -> 3.0864198 | S38: =(0.0001*C38*I$7*E$24*F$24/1000+0.0001*F38*I$12*E$24*F$24/1000+0.0001*I38*J38*E24*F$24/1000)/X38 -> 54.948488 | T38: =H$18/X38 -> 2.0521851 | U38: =H$19/X38 -> 9.8369762 | V38: =G$28*I38/10000/X38 -> 8.5507713 | W38: =Q38+R38+S38+T38+U38+V38+X38 -> 86.411353 | X38: =N38*P38/1000000000 -> 4.7364149e-06 | Y38: =D38*E$24*1.30089 -> 13.692344 | Z38: =I12*E$24*F38/10+E$24*J$38*I38/10+I7*E$24*C38/10 -> 13.697833
A39: Gr/Gr Dual Graphite Battery with KPF6 | B39: 4.35 | C39: 65 | D39: =C39*0.1*K8 -> 7.5181188 | E39: =C39*0.0001*M8 -> 1.0525366 | F39: =H39/M$13*10000 -> 28.095238 | G39: =0.1*F39*K$13 -> 3.8554455 | H39: =E39*L39 -> 1.0525366 | I39: 78.5 | J39: 0.8 | K39: =(J39*E$24+(1-J39)*E$28)*I39/10000 -> 0.0102835 | L39: 1 | M39: =C39/10000+F39/10000+B$18+B$18+I$39/10000 -> 0.018359524 | N39: =1000*C$18+1000*C$18+K39*1000+1000*L8*C39/10000+1000*L$13*F39/10000 -> 30.903222 | O39: =B39*E39/M39 -> 249.38198 | P39: =B39*E39/N39*1000 -> 148.15718 | Q39: =D39*P7/1000000/X39 -> 8.2101806 | R39: =G39*P13/1000000/X39 -> 4.210349 | S39: =(0.0001*C39*I$8*E$25*F$25/1000+0.0001*F39*I$13*E$25*F$25/1000+0.0001*I39*J39*E25*F$25/1000)/X39 -> 14.066532 | T39: =H$18/X39 -> 2.1229501 | U39: =H$18/X39 -> 2.1229501 | V39: =G$28*I39/10000/X39 -> 8.5726123 | W39: =Q39+R39+S39+T39+U39+V39+X39 -> 39.305579 | X39: =N39*P39/1000000000 -> 4.5785344e-06 | Y39: =D39*E$24*1.30208333333333 -> 13.704904 | Z39: =I8*E$25*C39/10+E$25*J$39*I39/10+I13*E$25*F39/10 -> 13.703

Sheet From Stack to Cell 
A1: Conversion of energy content from stack to 18650 cell level
A2: Anode/Cathode Combination | B2: Total Stack Volumetric Energy (Wh/L) | C2: Total Stack Gravimetric Energy (Wh/kg) | D2: Jelly Roll to Cell Volume Ratio | E2: Jelly Roll Mass (g) | F2: Cell Housing Mass (g) | G2: Jelly Roll to Cell Mass Ratio | H2: Total Cell Volumetric Energy (Wh/L) | I2: Total Cell Gravimetric Energy (Wh/kg)
A3: LFP/C LIB | B3: 506.59888 | C3: 215.39218 | D3: 0.822 | E3: =(0.01455*B3)/C3*1000 -> 34.221362 | F3: 6.9 | G3: =E3/(E3+F3) -> 0.832204 | H3: =B3*D3 -> 416.42428 | I3: =C3*G3 -> 179.25023
A4: Gr/Li DIB | B4: 286.71932 | C4: 165.664 | D4: 0.822 | E4: =(0.01455*B4)/C4*1000 -> 25.182092 | F4: 6.9 | G4: =E4/(E4+F4) -> 0.78492675 | H4: =B4*D4 -> 235.68328 | I4: =C4*G4 -> 130.0341
A5: Gr/Gr LiPF6 DGB | B5: 266.7921 | C5: 160.41976 | D5: 0.822 | E5: =(0.01455*B5)/C5*1000 -> 24.197924 | F5: 6.9 | G5: =E5/(E5+F5) -> 0.77812024 | H5: =B5*D5 -> 219.30311 | I5: =C5*G5 -> 124.82586
A6: Gr/Gr KPF6 DGB | B6: 249.29215 | C6: 151.20691 | D6: 0.822 | E6: =(0.01455*B6)/C6*1000 -> 23.988327 | F6: 6.9 | G6: =E6/(E6+F6) -> 0.77661464 | H6: =B6*D6 -> 204.91815 | I6: =C6*G6 -> 117.4295
A11: Gr/Gr Dual Grapihite Battery with varying LiPF6 concentration in electrolyte
A12: LiPF6 salt concentration / mol/L | B12: Total Stack Volumetric Energy (Wh/L) | C12: Total Stack Gravimetric Energy (Wh/kg) | D12: Jelly Roll to Cell Volume Ratio | E12: Jelly Roll Mass (g) | F12: Cell Housing Mass (g) | G12: Jelly Roll to Cell Mass Ratio | H12: Cell Volumetric Energy (Wh/L) | I12: Total Cell Gravimetric Energy (Wh/kg) | J12: Seprator thickness (µm) | K12: Elyte to Carbon ratio (µL/mg) | L12: Elyte Density (g/mL) | M12: Separator porosity (%)
A13: 1M | B13: 87.039519 | C13: 71.974373 | D13: 0.822 | E13: =(0.01455*B13)/C13*1000 -> 17.595499 | F13: 6.9 | G13: =E13/(E13+F13) -> 0.7183156 | H13: =B13*D13 -> 71.546485 | I13: =C13*G13 -> 51.700315 | J13: 451 | K13: 5.2035 | L13: 1.1 | M13: 80
A14: 2M | B14: 158.10267 | C14: 113.86991 | D14: 0.822 | E14: =(0.01455*B14)/C14*1000 -> 20.201947 | F14: 6.9 | G14: =E14/(E14+F14) -> 0.74540575 | H14: =B14*D14 -> 129.96039 | I14: =C14*G14 -> 84.879282 | J14: 205 | K14: 2.60178 | L14: 1.2 | M14: 80
A15: 3M | B15: 217.21845 | C15: 141.27628 | D15: 0.822 | E15: =(0.01455*B15)/C15*1000 -> 22.37126 | F15: 6.9 | G15: =E15/(E15+F15) -> 0.7642739 | H15: =B15*D15 -> 178.55356 | I15: =C15*G15 -> 107.97377 | J15: 123 | K15: 1.73452 | L15: 1.3 | M15: 80
A16: 4M | B16: 265.18855 | C16: 156.58 | D16: 0.822 | E16: =(0.01455*B16)/C16*1000 -> 24.642313 | F16: 6.9 | G16: =E16/(E16+F16) -> 0.78124623 | H16: =B16*D16 -> 217.98499 | I16: =C16*G16 -> 122.32754 | J16: 82.3 | K16: 1.30089 | L16: 1.4 | M16: 80
F35: References
F36: 1 | G36: COLLINS, D. Handbook of batteries and fuel cells By David Linden, 4th edition 2010 published by McGraw-Hill Book Company GmbH. Table 15.2 and Figure 15.3

Sheet Mass and Volume Share
A1: Gr/Gr DIB | C1: Mass contribution to stack (mg/cm²)
A2: LiPF6 salt concentration / mol | B2: Total Stack Mass (mg/cm²) | C2: Cathode | D2: Anode | E2: Liquid electrolyte | F2: Pos. current coll. | G2: Neg. current coll. | H2: Separator | I2: Cell housing
A3: 1M | B3: 64.046353 | C3: =7.56146226415095/0.9*'From Stack to Cell '!G13 -> 6.0350181 | D3: =2.94056865828092/0.9*'From Stack to Cell '!G13 -> 2.3469515 | E3: =E8*1.1*1000*'From Stack to Cell '!G13 -> 24.076459 | F3: =0.00162*1000*'From Stack to Cell '!G13 -> 1.1636713 | G3: =0.003584*1000*'From Stack to Cell '!G13 -> 2.5744431 | H3: =451/10000*0.2*0.95*1000*'From Stack to Cell '!G13 -> 6.1552463 | I3: =(1-'From Stack to Cell '!G13)*B3 -> 18.040859
A4: 4M | B4: 30.2 | C4: =7.56146226415095/0.9*'From Stack to Cell '!G16 -> 6.5637376 | D4: =2.94056865828092/0.9*'From Stack to Cell '!G16 -> 2.5525646 | E4: =E9*1.4*1000*'From Stack to Cell '!G16 -> 8.2472103 | F4: =0.00162*1000*'From Stack to Cell '!G16 -> 1.2656189 | G4: =0.003584*1000*'From Stack to Cell '!G16 -> 2.7999865 | H4: =82.3/10000*0.2*0.95*1000*'From Stack to Cell '!G16 -> 1.2216347 | I4: =(1-'From Stack to Cell '!G16)*B4 -> 6.6063639
A6: Gr/Gr DIB | C6: Thickness contribution to stack (cm)
A7: LiPF6 salt concentration / mol | B7: Total Stack Thickness (cm) | C7: Cathode | D7: Anode | E7: Liquid electrolyte | F7: Pos. current coll. | G7: Neg. current coll. | H7: Separator | I7: Cell housing
A8: 1M | B8: 0.052730556 | C8: =65/10000*0.7*'From Stack to Cell '!D13 -> 0.0037401 | D8: =21.3055555555556/10000*0.7*'From Stack to Cell '!D13 -> 0.0012259217 | E8: =(431/10000*0.8+65/10000*0.3+21.3055555555556/10000*0.3)*'From Stack to Cell '!D13 -> 0.030470855 | F8: =0.0006*'From Stack to Cell '!D13 -> 0.0004932 | G8: =0.0004*'From Stack to Cell '!D13 -> 0.0003288 | H8: =431/10000*0.2*'From Stack to Cell '!D13 -> 0.00708564 | I8: =(1-0.822)*B8 -> 0.0093860389
A9: 4M | B9: 0.017860556 | C9: =65/10000*0.7*('From Stack to Cell '!D13) -> 0.0037401 | D9: =21.3055555555556/10000*0.7*('From Stack to Cell '!D13) -> 0.0012259217 | E9: =(82.3/10000*0.8+65/10000*0.3+21.3055555555556/10000*0.3)*('From Stack to Cell '!D13) -> 0.007540343 | F9: =0.0006*('From Stack to Cell '!D13) -> 0.0004932 | G9: =0.0004*('From Stack to Cell '!D13) -> 0.0003288 | H9: =82.3/10000*0.2*('From Stack to Cell '!D13) -> 0.001353012 | I9: =(1-0.822)*B9 -> 0.0031791789

Sheet Electrolyte Costs
A1: Compenent | B1: Cost ($/kg) | C1: Density (g/cm³) | D1: Reference
A2: LiPF6 | B2: 25
A3: KPF6 | B3: =25/20 -> 1.25
A4: EC | B4: 10 | D4: Materials Cost Evaluation Report, Argonne, 2002
A5: EMC | B5: 20 | C5: 1.01 | D5: Materials Cost Evaluation Report, Argonne, 2002
A6: DMC | B6: 10 | C6: 1.07 | D6: Materials Cost Evaluation Report, Argonne, 2002
A7: DEC | B7: 12 | C7: 0.9764 | D7: Materials Cost Evaluation Report, Argonne, 2002
A8: EC:DEC-0.8M LiPF6 | B8: 11.3 | D8: 1250 YPY/kg (Takeshita)
A9: EC/DMC/EMC/VC-LiPF6 | B9: 13.5 | D9: 1500 YPY/kg (Takeshita)
A10: EC:DMC 1:1, 1M LiPF6 (LP30) | B10: 1.28 | D10: Electrolyte Density SelectiLyte Datasheet 2010 Merck
A11: EC:EMC 1:1, 1M LiPF6 (LP50) | B11: 1.25 | D11: Electrolyte Density SelectiLyte Datasheet 2010 Merck
A12: EC:EMC 3:7, 1M LiPF6 (LP57) | B12: 1.19 | D12: Electrolyte Density SelectiLyte Datasheet 2010 Merck
A15: Molar Mass of LiPF6 in kg/mol | B15: 0.15191
A16: Molar Mass of KPF6 in kg/mol | B16: 0.18407
A19: Elektrolyte | B19: Cost ($/kg) | C19: Concentration (mol/L)
A20: 1M LiPF6 in DMC | B20: =(B15*C20*B2)+(B6*(1-(B15*C20))) -> 12.27865 | C20: 1
A21: 2M LiPF6 in DMC | B21: =(B15*C21*B2)+(B6*(1-(B15*C21))) -> 14.5573 | C21: 2
A22: 3M LiPF6 in DMC | B22: =(B15*C22*B2)+(B6*(1-(B15*C22))) -> 16.83595 | C22: 3
A23: 4M LiPF6 in DMC | B23: =(B15*C23*B2)+(B6*(1-(B15*C23))) -> 19.1146 | C23: 4

Sheet Separator thickness
A1: Active material loading cathode [g/cm2] | B1: 0.0075614623 | F1: Molar mass C16 [g/mol] | G1: 192
A2: Intercalated ion mass for x mg/cm2 active material [mg] | B2: =B1/G1*G3*1000 -> 5.9861576 | F2: Salt concentration [M/ml] | G2: 0.001
A3: 120% intercalated ion mass (excess salt) [mg] | B3: =B2*1.2 -> 7.1833892 | F3: Molar Mass LiPF6 [g/mol] | G3: 152
A4: Ion mass in electrodes [mg] | B4: =G6+G9 -> 0.502208 | F4: Anode thickness [µm] | G4: 21.3
A5: Ion mass in electrolyte [mg] | B5: =B3-B4 -> 6.6811812 | F5: Anode porosity [%] | G5: 30
A6: Porosity [%] | B6: 80 | F6: Electrolyte salt amount in anode [mg] | G6: =G4/10000*G2*G3*1000*G5/100 -> 0.097128
A7: Layer thickness [µm] | B7: =(B5*100/B6)/(G3*1000*G2)*10000 -> 549.43924 | F7: Cathode thickness [µm] | G7: 65
F8: Cathode porosity [%] | G8: 41
A9: Total amount of electrolyte [µl] | B9: =(B3/1000)/(G2*G3)*1000 -> 47.259139 | F9: Electrolyte salt amount in cathode [mg] | G9: =G7/10000*G2*G3*1000*G8/100 -> 0.40508
